aggr	rowcount	colcount	p_zero
thalamus	28948	43226	0.8783296301418292
caudate	28948	39284	0.8857621815322235
putamen	28948	48043	0.8768589558135318
